{
  "cores": [
    {
      "id": "F3F3e653227",
      "label": "F3F3e653227",
      "manufacturer": "Ferroxcube",
      "cost": 1,
      "checked": false,
      "name": "F3F3e653227",
      "weight": 0.205,
      "fmin": 200000.0,
      "fmax": 500000.0,
      "P_f": [
        [
          220000.0,
          800000.0
        ],
        [
          200000.0,
          400000.0
        ]
      ],
      "P_B": [
        [
          85000.0,
          800000.0
        ],
        [
          0.04,
          0.1
        ]
      ],
      "Bsat": 0.37,
      "ve": 7.9e-05,
      "ae": 0.00054,
      "length": 0.0392,
      "width": 0.0106,
      "MLT": 0.15,
      "Ap": 2.13e-07,
      "le": 0.147,
      "a": 3.62e-09,
      "b": -0.7705,
      "gmax": 0.01445,
      "Almax": 7.3e-06,
      "Almin": NaN
    }
  ]
}