{
  "fets": [
    {
      "id": "BSC093N15NS5",
      "label": "BSC093N15NS5",
      "manufacturer": "Infineon",
      "checked": false,
      "name": "BSC093N15NS5",
      "Vds_max": 150,
      "Rdson": 0.0079,
      "Rdson_max": 0.0093,
      "Rdson_max_temp": 0.0156,
      "Max_temp": 150,
      "costdie": 0.5,
      "cost": 1.1740433333333333,
      "Vth": 3.8,
      "Vplt": 5.7,
      "Rint": 0.9,
      "Vg_recommended": 10,
      "Qg": 3.3e-08,
      "Qgs": 1.4e-08,
      "Qgd": 6.8e-09,
      "Qrr": 5.8e-08,
      "Vsd": 0.88,
      "Ciss": [
        5.13e-10,
        4.599e-10,
        4.481e-10,
        4.422e-10,
        4.422e-10,
        4.422e-10,
        4.422e-10,
        4.422e-10,
        4.422e-10,
        4.422e-10,
        4.422e-10,
        4.422e-10,
        4.422e-10,
        4.422e-10,
        4.422e-10
      ],
      "Crss": [
        8.47e-11,
        4.82e-11,
        1.88e-11,
        4.1e-12,
        3.2e-12,
        3.1e-12,
        2.9e-12,
        2.7e-12,
        2.7e-12,
        2.6e-12,
        2.7e-12,
        2.7e-12,
        2.8e-12,
        2.9e-12,
        3.1e-12
      ],
      "Coss": [
        7.254e-10,
        6.841e-10,
        6.546e-10,
        4.245e-10,
        2.829e-10,
        2.357e-10,
        1.472e-10,
        9.47e-11,
        8.88e-11,
        8.47e-11,
        8.35e-11,
        8.29e-11,
        8.23e-11,
        8.06e-11,
        8e-11
      ],
      "V": [
        0,
        25,
        50,
        75,
        100,
        150,
        200,
        250,
        300,
        350,
        400,
        450,
        500,
        550,
        600
      ]
    },
    {
      "id": "BSC110N15NS5",
      "label": "BSC110N15NS5",
      "manufacturer": "Infineon",
      "checked": false,
      "name": "BSC110N15NS5",
      "Vds_max": 150,
      "Rdson": 0.009,
      "Rdson_max": 0.011,
      "Rdson_max_temp": 0.01825,
      "Max_temp": 150,
      "costdie": 0.438,
      "cost": 1.139,
      "Ciss": [
        5.13e-10,
        4.599e-10,
        4.481e-10,
        4.422e-10,
        4.422e-10,
        4.422e-10,
        4.422e-10,
        4.422e-10,
        4.422e-10,
        4.422e-10,
        4.422e-10,
        4.422e-10,
        4.422e-10,
        4.422e-10,
        4.422e-10
      ],
      "Crss": [
        8.47e-11,
        4.82e-11,
        1.88e-11,
        4.1e-12,
        3.2e-12,
        3.1e-12,
        2.9e-12,
        2.7e-12,
        2.7e-12,
        2.6e-12,
        2.7e-12,
        2.7e-12,
        2.8e-12,
        2.9e-12,
        3.1e-12
      ],
      "Coss": [
        7.254e-10,
        6.841e-10,
        6.546e-10,
        4.245e-10,
        2.829e-10,
        2.357e-10,
        1.472e-10,
        9.47e-11,
        8.88e-11,
        8.47e-11,
        8.35e-11,
        8.29e-11,
        8.23e-11,
        8.06e-11,
        8e-11
      ],
      "V": [
        0,
        25,
        50,
        75,
        100,
        150,
        200,
        250,
        300,
        350,
        400,
        450,
        500,
        550,
        600
      ],
      "Vth": 3.8,
      "Vplt": 5.8,
      "Rint": 0.9,
      "Vg_recommended": 10,
      "Qg": 2.8e-08,
      "Qgs": 1.2e-08,
      "Qgd": 5.8e-09,
      "Qrr": 4.6e-08
    },
    {
      "id": "BSC160N15NS5",
      "label": "BSC160N15NS5",
      "manufacturer": "Infineon",
      "checked": false,
      "type": "MOSFET",
      "name": "BSC160N15NS5",
      "Vds_max": 150,
      "Rdson": 0.0137,
      "Rdson_max": 0.016,
      "Rdson_max_temp": 0.0272,
      "Max_temp": 150,
      "costdie": 0.288,
      "cost": 0.988,
      "Ciss": [
        5.13e-10,
        4.599e-10,
        4.481e-10,
        4.422e-10,
        4.422e-10,
        4.422e-10,
        4.422e-10,
        4.422e-10,
        4.422e-10,
        4.422e-10,
        4.422e-10,
        4.422e-10,
        4.422e-10,
        4.422e-10,
        4.422e-10
      ],
      "Crss": [
        8.47e-11,
        4.82e-11,
        1.88e-11,
        4.1e-12,
        3.2e-12,
        3.1e-12,
        2.9e-12,
        2.7e-12,
        2.7e-12,
        2.6e-12,
        2.7e-12,
        2.7e-12,
        2.8e-12,
        2.9e-12,
        3.1e-12
      ],
      "Coss": [
        7.254e-10,
        6.841e-10,
        6.546e-10,
        4.245e-10,
        2.829e-10,
        2.357e-10,
        1.472e-10,
        9.47e-11,
        8.88e-11,
        8.47e-11,
        8.35e-11,
        8.29e-11,
        8.23e-11,
        8.06e-11,
        8e-11
      ],
      "V": [
        0,
        25,
        50,
        75,
        100,
        150,
        200,
        250,
        300,
        350,
        400,
        450,
        500,
        550,
        600
      ],
      "Vth": 3.8,
      "Vplt": 5.8,
      "Rint": 1,
      "Vg_recommended": 10,
      "Qg": 1.9e-08,
      "Qgs": 8e-09,
      "Qgd": 4e-09,
      "Qrr": 2.57e-08
    },
    {
      "id": "BSC190N15NS3",
      "label": "BSC190N15NS3",
      "manufacturer": "Infineon",
      "checked": false,
      "name": "BSC190N15NS3",
      "Vds_max": 150,
      "Rdson": 0.016,
      "Rdson_max": 0.019,
      "Rdson_max_temp": 0.0325,
      "Max_temp": 150,
      "costdie": 0.247,
      "cost": 0.947,
      "Ciss": [
        513,
        459.9,
        448.1,
        442.2,
        442.2,
        442.2,
        442.2,
        442.2,
        442.2,
        442.2,
        442.2,
        442.2,
        442.2,
        442.2,
        442.2
      ],
      "Crss": [
        84.7,
        48.2,
        18.8,
        4.1,
        3.2,
        3.1,
        2.9,
        2.7,
        2.7,
        2.6,
        2.7,
        2.7,
        2.8,
        2.9,
        3.1
      ],
      "Coss": [
        725.4,
        684.1,
        654.6,
        424.5,
        282.9,
        235.7,
        147.2,
        94.7,
        88.8,
        84.7,
        83.5,
        82.9,
        82.3,
        80.6,
        80
      ],
      "V": [
        0,
        25,
        50,
        75,
        100,
        150,
        200,
        250,
        300,
        350,
        400,
        450,
        500,
        550,
        600
      ],
      "Vth": 3,
      "Vplt": 5.7,
      "Rint": 2.4,
      "Vg_recommended": 10,
      "Qg": 2.3e-08,
      "Qgs": 1e-08,
      "Qgd": 4e-09,
      "Qrr": 3.85e-07
    },
    {
      "id": "IPT059N15N3",
      "label": "IPT059N15N3",
      "manufacturer": "Infineon",
      "checked": false,
      "name": "IPT059N15N3",
      "Vds_max": 150,
      "Rdson": 0.005,
      "Rdson_max": 0.0059,
      "Rdson_max_temp": 0.01125,
      "Max_temp": 150,
      "costdie": 7.9,
      "cost": 8.6,
      "Ciss": [
        5.13e-10,
        4.599e-10,
        4.481e-10,
        4.422e-10,
        4.422e-10,
        4.422e-10,
        4.422e-10,
        4.422e-10,
        4.422e-10,
        4.422e-10,
        4.422e-10,
        4.422e-10,
        4.422e-10,
        4.422e-10,
        4.422e-10
      ],
      "Crss": [
        8.47e-11,
        4.82e-11,
        1.88e-11,
        4.1e-12,
        3.2e-12,
        3.1e-12,
        2.9e-12,
        2.7e-12,
        2.7e-12,
        2.6e-12,
        2.7e-12,
        2.7e-12,
        2.8e-12,
        2.9e-12,
        3.1e-12
      ],
      "Coss": [
        7.254e-10,
        6.841e-10,
        6.546e-10,
        4.245e-10,
        2.829e-10,
        2.357e-10,
        1.472e-10,
        9.47e-11,
        8.88e-11,
        8.47e-11,
        8.35e-11,
        8.29e-11,
        8.23e-11,
        8.06e-11,
        8e-11
      ],
      "V": [
        0,
        25,
        50,
        75,
        100,
        150,
        200,
        250,
        300,
        350,
        400,
        450,
        500,
        550,
        600
      ],
      "Vth": 3,
      "Vplt": 5.4,
      "Rint": 2.1,
      "Vg_recommended": 10,
      "Qg": 6.9e-08,
      "Qgs": 2.9e-08,
      "Qgd": 1.1e-08,
      "Qrr": 4.78e-07
    },
    {
      "id": "IPB108N15N3",
      "label": "IPB108N15N3",
      "manufacturer": "Infineon",
      "checked": false,